<?xml version="1.0" encoding="UTF-8"?><?xml-stylesheet type='text/xsl' href='_UpgradeReport_Files/UpgradeReport.xslt'?><UpgradeLog>
<Properties><Property Name="Solution" Value="DotNetDemo">
</Property><Property Name="解决方案文件" Value="H:\thirdwolf\MMail\USkin3.0\Demo\Samples\C#\DotNetDemo.sln">
</Property><Property Name="Date" Value="2008年11月9日">
</Property><Property Name="Time" Value="20:45:34">
</Property></Properties><Event ErrorLevel="0" Project="MDINet" Source="MDINet\MDINet.csproj" Description="项目已成功转换">
</Event><Event ErrorLevel="3" Project="MDINet" Source="MDINet\MDINet.csproj" Description="Converted">
</Event><Event ErrorLevel="0" Project="MDINet" Source="MDINet\MDINet.csproj" Description="扫描完成: 项目文件不需要升级。">
</Event></UpgradeLog>