<?xml version="1.0" encoding="UTF-8"?><?xml-stylesheet type='text/xsl' href='_UpgradeReport_Files/UpgradeReport.xslt'?><UpgradeLog>
<Properties><Property Name="Solution" Value="SDINet">
</Property><Property Name="解决方案文件" Value="H:\thirdwolf\MMail\USkin3.0\Demo\Samples\C#\SDINet\SDINet.sln">
</Property><Property Name="Date" Value="2008年11月9日">
</Property><Property Name="Time" Value="17:33">
</Property></Properties><Event ErrorLevel="0" Project="SDINet" Source="SDINet.csproj" Description="项目已成功转换">
</Event><Event ErrorLevel="3" Project="SDINet" Source="SDINet.csproj" Description="Converted">
</Event><Event ErrorLevel="0" Project="" Source="SDINet.sln" Description="成功转换解决方案">
</Event><Event ErrorLevel="3" Project="" Source="SDINet.sln" Description="Converted">
</Event><Event ErrorLevel="0" Project="SDINet" Source="SDINet.csproj" Description="扫描完成: 项目文件不需要升级。">
</Event></UpgradeLog>