<?xml version="1.0" encoding="UTF-8"?><?xml-stylesheet type='text/xsl' href='_UpgradeReport_Files/UpgradeReport.xslt'?><UpgradeLog>
<Properties><Property Name="Solution" Value="MDI">
</Property><Property Name="解决方案文件" Value="H:\thirdwolf\MMail\USkin3.0\Demo\Samples\MFC\MDI\MDI.sln">
</Property><Property Name="Date" Value="2008年11月9日">
</Property><Property Name="Time" Value="14:30">
</Property></Properties><Event ErrorLevel="0" Project="MDI" Source="MDI.vcproj" Description="项目升级成功。">
</Event><Event ErrorLevel="3" Project="MDI" Source="MDI.vcproj" Description="Converted">
</Event><Event ErrorLevel="0" Project="USkin_DLL" Source="..\..\USkin_DLL\USkin_DLL.vcproj" Description="项目升级成功。">
</Event><Event ErrorLevel="3" Project="USkin_DLL" Source="..\..\USkin_DLL\USkin_DLL.vcproj" Description="Converted">
</Event><Event ErrorLevel="0" Project="ToolBar" Source="..\ToolBarComboDemo\ToolBar.vcproj" Description="Visual C++ 现在在其 C 和 C++ 库中提供了改进的安全性。这包括新的和改进后的函数、附加检查和验证以及内部设计更改。这些库默认情况下处于打开状态。在您生成项目时，可能会看到有关不安全的函数或参数的一些警告。这些警告通常会建议改用更安全的编码样式或函数。建议您针对这些警告进行更正，以使代码更加安全。在文档中搜索“CRT 中的安全增强”和“已检查的迭代器”可找到完整的详细信息。">
</Event><Event ErrorLevel="0" Project="ToolBar" Source="..\ToolBarComboDemo\ToolBar.vcproj" Description="已对 C/C++ 编译器的默认设置进行了修改，以使其更加符合 ISO 标准 C++。这些更改包括: 对于循环范围强制使用标准 C++，支持 wchar_t 作为本机类型。如果不更改现有代码或用于生成现有代码的编译器选项，则这些更改可能导致现有代码无法编译。">
</Event><Event ErrorLevel="1" Project="ToolBar" Source="..\ToolBarComboDemo\ToolBar.vcproj" Description="由于 Visual C++ 项目需要生成嵌入式(默认) Windows SxS 清单，因此在使用清单工具生成时会自动将项目中的清单文件排除。建议将任何清单文件中包含的依赖项信息都转换为源代码包括的头文件中的“#pragma comment(linker,&quot;&lt;在此处插入依赖项&gt;&quot;)”。如果项目已经通过资源(.rc)文件在 RT_MANIFEST 资源节中嵌入清单，则需要先将该行注释掉，然后才能正确生成项目。">
</Event><Event ErrorLevel="1" Project="ToolBar" Source="..\ToolBarComboDemo\ToolBar.vcproj" Description="由于 C++ 编译器中的一致性更改，可能需要更改代码才能使项目在生成时不出错。C++ 编译器的早期版本允许按成员函数名称(如 MemberFunctionName)指定成员函数指针。C++ 标准则要求使用 address-of 运算符指定完全限定名(如 &amp;ClassName::MemberFunctionName)。如果您的项目包含在 Windows 窗体设计器中使用的窗体或控件，则可能必须更改 InitializeComponent 中的代码，这是因为设计器生成的代码使用的是委托构造中的不一致的语法(在事件处理程序中使用)。">
</Event><Event ErrorLevel="0" Project="ToolBar" Source="..\ToolBarComboDemo\ToolBar.vcproj" Description="项目升级成功。">
</Event><Event ErrorLevel="3" Project="ToolBar" Source="..\ToolBarComboDemo\ToolBar.vcproj" Description="Converted">
</Event><Event ErrorLevel="2" Project="USkin_DLL" Source="..\..\USkin_DLL\USkin_DLL.vcproj" Description="">
</Event><Event ErrorLevel="0" Project="" Source="MDI.sln" Description="成功转换解决方案">
</Event><Event ErrorLevel="3" Project="" Source="MDI.sln" Description="Converted">
</Event></UpgradeLog>