<?xml version="1.0" encoding="UTF-8"?><?xml-stylesheet type='text/xsl' href='_UpgradeReport_Files/UpgradeReport.xslt'?><UpgradeLog>
<Properties><Property Name="Solution" Value="Dialog">
</Property><Property Name="解决方案文件" Value="H:\MMail\Bin\USkin20\Samples\MFC\Dialog\Dialog.sln">
</Property><Property Name="用户选项文件" Value="H:\MMail\Bin\USkin20\Samples\MFC\Dialog\Dialog.suo">
</Property><Property Name="Date" Value="2006年5月7日">
</Property><Property Name="Time" Value="10:07">
</Property></Properties><Event ErrorLevel="0" Project="" Source="Dialog.sln" Description="文件已成功备份为 H:\MMail\Bin\USkin20\Samples\MFC\Dialog\Dialog.sln.old">
</Event><Event ErrorLevel="0" Project="" Source="Dialog.suo" Description="文件已成功备份为 H:\MMail\Bin\USkin20\Samples\MFC\Dialog\Dialog.suo.old">
</Event><Event ErrorLevel="0" Project="Dialog" Source="Dialog.vcproj" Description="Visual C++ 现在支持 C 运行时库的安全版本。默认情况下允许使用此库。当生成项目时，可能会显示一些有关否决的函数的警告。建议您针对这些警告进行更正，以使代码更加安全。">
</Event><Event ErrorLevel="0" Project="Dialog" Source="Dialog.vcproj" Description="已对 C/C++ 编译器的默认设置进行了修改，以使其更加符合 ISO 标准 C++。这些更改包括: 对于循环范围强制使用标准 C++，支持 wchar_t 作为本机类型。如果不更改现有代码或用于生成现有代码的编译器选项，则这些更改可能导致现有代码无法编译。">
</Event><Event ErrorLevel="1" Project="Dialog" Source="Dialog.vcproj" Description="由于 Visual C++ 项目需要生成嵌入式(默认) Windows SxS 清单，因此在使用清单工具生成时会自动将项目中的清单文件排除。建议将任何清单文件中包含的依赖项信息都转换为源代码包括的头文件中的“#pragma comment(linker,&quot;&lt;在此处插入依赖项&gt;&quot;)”。如果项目已经通过资源(.rc)文件在 RT_MANIFEST 资源节中嵌入清单，则需要先将该行注释掉，然后才能正确生成项目。">
</Event><Event ErrorLevel="1" Project="Dialog" Source="Dialog.vcproj" Description="由于 C++ 编译器中的一致性更改，可能需要更改代码才能使项目在生成时不出错。C++ 编译器的早期版本允许按成员函数名称(如 MemberFunctionName)指定成员函数指针。C++ 标准则要求使用 address-of 运算符指定完全限定名(如 &amp;ClassName::MemberFunctionName)。如果您的项目包含在 Windows 窗体设计器中使用的窗体或控件，则可能必须更改 InitializeComponent 中的代码，这是因为设计器生成的代码使用的是委托构造中的不一致的语法(在事件处理程序中使用)。">
</Event><Event ErrorLevel="0" Project="Dialog" Source="Dialog.vcproj" Description="已成功地将项目文件备份为“H:\MMail\Bin\USkin20\Samples\MFC\Dialog\Dialog.vcproj.7.10.old”。">
</Event><Event ErrorLevel="0" Project="Dialog" Source="Dialog.vcproj" Description="项目升级成功。">
</Event><Event ErrorLevel="3" Project="Dialog" Source="Dialog.vcproj" Description="Converted">
</Event><Event ErrorLevel="0" Project="SDI" Source="..\SDI\SDI.vcproj" Description="Visual C++ 现在支持 C 运行时库的安全版本。默认情况下允许使用此库。当生成项目时，可能会显示一些有关否决的函数的警告。建议您针对这些警告进行更正，以使代码更加安全。">
</Event><Event ErrorLevel="0" Project="SDI" Source="..\SDI\SDI.vcproj" Description="已对 C/C++ 编译器的默认设置进行了修改，以使其更加符合 ISO 标准 C++。这些更改包括: 对于循环范围强制使用标准 C++，支持 wchar_t 作为本机类型。如果不更改现有代码或用于生成现有代码的编译器选项，则这些更改可能导致现有代码无法编译。">
</Event><Event ErrorLevel="1" Project="SDI" Source="..\SDI\SDI.vcproj" Description="由于 Visual C++ 项目需要生成嵌入式(默认) Windows SxS 清单，因此在使用清单工具生成时会自动将项目中的清单文件排除。建议将任何清单文件中包含的依赖项信息都转换为源代码包括的头文件中的“#pragma comment(linker,&quot;&lt;在此处插入依赖项&gt;&quot;)”。如果项目已经通过资源(.rc)文件在 RT_MANIFEST 资源节中嵌入清单，则需要先将该行注释掉，然后才能正确生成项目。">
</Event><Event ErrorLevel="1" Project="SDI" Source="..\SDI\SDI.vcproj" Description="由于 C++ 编译器中的一致性更改，可能需要更改代码才能使项目在生成时不出错。C++ 编译器的早期版本允许按成员函数名称(如 MemberFunctionName)指定成员函数指针。C++ 标准则要求使用 address-of 运算符指定完全限定名(如 &amp;ClassName::MemberFunctionName)。如果您的项目包含在 Windows 窗体设计器中使用的窗体或控件，则可能必须更改 InitializeComponent 中的代码，这是因为设计器生成的代码使用的是委托构造中的不一致的语法(在事件处理程序中使用)。">
</Event><Event ErrorLevel="0" Project="SDI" Source="..\SDI\SDI.vcproj" Description="已成功地将项目文件备份为“H:\MMail\Bin\USkin20\Samples\MFC\SDI\SDI.vcproj.7.10.old”。">
</Event><Event ErrorLevel="0" Project="SDI" Source="..\SDI\SDI.vcproj" Description="项目升级成功。">
</Event><Event ErrorLevel="3" Project="SDI" Source="..\SDI\SDI.vcproj" Description="Converted">
</Event><Event ErrorLevel="0" Project="MDI" Source="..\MDI\MDI.vcproj" Description="Visual C++ 现在支持 C 运行时库的安全版本。默认情况下允许使用此库。当生成项目时，可能会显示一些有关否决的函数的警告。建议您针对这些警告进行更正，以使代码更加安全。">
</Event><Event ErrorLevel="0" Project="MDI" Source="..\MDI\MDI.vcproj" Description="已对 C/C++ 编译器的默认设置进行了修改，以使其更加符合 ISO 标准 C++。这些更改包括: 对于循环范围强制使用标准 C++，支持 wchar_t 作为本机类型。如果不更改现有代码或用于生成现有代码的编译器选项，则这些更改可能导致现有代码无法编译。">
</Event><Event ErrorLevel="1" Project="MDI" Source="..\MDI\MDI.vcproj" Description="由于 Visual C++ 项目需要生成嵌入式(默认) Windows SxS 清单，因此在使用清单工具生成时会自动将项目中的清单文件排除。建议将任何清单文件中包含的依赖项信息都转换为源代码包括的头文件中的“#pragma comment(linker,&quot;&lt;在此处插入依赖项&gt;&quot;)”。如果项目已经通过资源(.rc)文件在 RT_MANIFEST 资源节中嵌入清单，则需要先将该行注释掉，然后才能正确生成项目。">
</Event><Event ErrorLevel="1" Project="MDI" Source="..\MDI\MDI.vcproj" Description="由于 C++ 编译器中的一致性更改，可能需要更改代码才能使项目在生成时不出错。C++ 编译器的早期版本允许按成员函数名称(如 MemberFunctionName)指定成员函数指针。C++ 标准则要求使用 address-of 运算符指定完全限定名(如 &amp;ClassName::MemberFunctionName)。如果您的项目包含在 Windows 窗体设计器中使用的窗体或控件，则可能必须更改 InitializeComponent 中的代码，这是因为设计器生成的代码使用的是委托构造中的不一致的语法(在事件处理程序中使用)。">
</Event><Event ErrorLevel="0" Project="MDI" Source="..\MDI\MDI.vcproj" Description="已成功地将项目文件备份为“H:\MMail\Bin\USkin20\Samples\MFC\MDI\MDI.vcproj.7.10.old”。">
</Event><Event ErrorLevel="0" Project="MDI" Source="..\MDI\MDI.vcproj" Description="项目升级成功。">
</Event><Event ErrorLevel="3" Project="MDI" Source="..\MDI\MDI.vcproj" Description="Converted">
</Event><Event ErrorLevel="0" Project="" Source="Dialog.sln" Description="成功转换解决方案">
</Event><Event ErrorLevel="3" Project="" Source="Dialog.sln" Description="Converted">
</Event></UpgradeLog>